Metric,Value
Accuracy,0.9950980392156863
Precision,0.9903846153846154
Recall,1.0
F1,0.9951690821256038
