Metric,Value
Accuracy,0.9901960784313726
Precision,0.9805825242718447
Recall,1.0
F1,0.9901960784313726
