Metric,Value
Accuracy,0.9852941176470589
Precision,0.9905660377358491
Recall,0.9813084112149533
F1,0.9859154929577465
