Metric,Value
Accuracy,0.9901960784313726
Precision,1.0
Recall,0.9821428571428571
F1,0.990990990990991
