FPR,TPR
0.0,0.0
0.0,0.009433962264150943
0.0,0.07547169811320754
0.0,0.09433962264150944
0.0,0.3867924528301887
0.0,0.4056603773584906
0.0,1.0
1.0,1.0
