Metric,Value
Accuracy,0.9950980392156863
Precision,0.9906542056074766
Recall,1.0
F1,0.9953051643192489
