Metric,Value
Accuracy,0.9754901960784313
Precision,0.9622641509433962
Recall,0.9902912621359223
F1,0.9760765550239234
