FPR,TPR
0.0,0.0
0.0,0.009174311926605505
0.0,0.8715596330275229
0.010526315789473684,0.8715596330275229
0.010526315789473684,1.0
1.0,1.0
