Metric,Value
Accuracy,0.9950980392156863
Precision,0.990909090909091
Recall,1.0
F1,0.9954337899543378
