Model,Accuracy,Precision,Recall,F1
Byteplot,0.9950980392156863,0.9906542056074766,1.0,0.9953051643192489
Markov,1.0,1.0,1.0,1.0
Simhash,1.0,1.0,1.0,1.0
SFC_Gray,0.9901960784313726,0.9805825242718447,1.0,0.9901960784313726
SFC_Hilbert,0.9852941176470589,0.9727272727272728,1.0,0.9861751152073732
SFC_Zorder,1.0,1.0,1.0,1.0
