Metric,Value
Accuracy,0.9950980392156863
Precision,0.9891304347826086
Recall,1.0
F1,0.994535519125683
