Metric,Value
Accuracy,0.9754901960784313
Precision,0.9528301886792453
Recall,1.0
F1,0.9758454106280193
