Metric,Value
Accuracy,0.9852941176470589
Precision,0.9818181818181818
Recall,0.9908256880733946
F1,0.9863013698630136
