FPR,TPR
0.0,0.0
0.00909090909090909,0.0
0.01818181818181818,0.0
0.01818181818181818,1.0
1.0,1.0
