Metric,Value
Accuracy,0.9754901960784313
Precision,0.9494949494949495
Recall,1.0
F1,0.9740932642487047
