Metric,Value
Accuracy,0.9852941176470589
Precision,0.9727272727272728
Recall,1.0
F1,0.9861751152073732
