FPR,TPR
0.0,0.0
0.0,0.009345794392523364
0.0,0.2336448598130841
0.0,0.2616822429906542
0.0,1.0
1.0,1.0
