FPR,TPR
0.0,0.0
0.0,0.034482758620689655
0.0,0.9568965517241379
0.011363636363636364,0.9568965517241379
0.011363636363636364,1.0
1.0,1.0
