Metric,Value
Accuracy,0.9852941176470589
Precision,0.991304347826087
Recall,0.9827586206896551
F1,0.987012987012987
