Metric,Value
Accuracy,0.9901960784313726
Precision,0.9908256880733946
Recall,0.9908256880733946
F1,0.9908256880733946
